auroc,auprc,balanced_accuracy,f1,sensitivity,specificity,brier,ece,nll,threshold,n_samples,evaluation_protocol,analysis_family,model_name,modality,feature_strategy,selected_feature_k,fold,fold_unit,metric_split,threshold_source,skipped,n_selected_features,n_folds,auroc_std,auprc_std,balanced_accuracy_std,f1_std,sensitivity_std,specificity_std,brier_std,ece_std,nll_std,paper_comparable_modality_run
0.8063490094846847,0.7165610376781474,0.7290077192744077,0.6360978090594009,0.6818931657501964,0.7761222727986188,0.1582928009294053,0.0560071367085407,0.4866466910536456,,4094.0,paper_comparable_10fold_cv,paper_comparable_cv,catboost_smote_f80,cough,compare_is10_top800_lightgbm,800.0,aggregate,recording,test_aggregate,inner_validation_balanced_accuracy,,,10.0,0.0268293016891405,0.0347031713421122,0.0184066646721164,0.0222079775623383,0.0663651485721727,0.0732484952301837,0.0109119058008063,0.0135537888459126,0.0317084603975233,cough
0.8191557338528197,0.7318130789511696,0.7321417660823449,0.6378699446577231,0.637762316238357,0.8265212159263328,0.1604828464144722,0.0946544078731035,0.5237716231092135,,4094.0,paper_comparable_10fold_cv,paper_comparable_cv,lightgbm_smote_f80,cough,compare_is10_top800_lightgbm,800.0,aggregate,recording,test_aggregate,inner_validation_balanced_accuracy,,,10.0,0.0269956842483537,0.0354995029961823,0.0263203550128948,0.0382257820180226,0.0643203932095289,0.0418389978808755,0.0153383146152386,0.0239452328627776,0.0588992318302517,cough
0.8194661754302122,0.7281636422154759,0.7371050029209538,0.6445721583178494,0.6690943777353833,0.8051156281065243,0.152880363330227,0.0484387385896945,0.4714395592931095,,4094.0,paper_comparable_10fold_cv,paper_comparable_cv,svc_rbf_f60,cough,compare_is10_top800_lightgbm,800.0,aggregate,recording,test_aggregate,inner_validation_balanced_accuracy,,,10.0,0.0289761097025043,0.0361663278411209,0.0314134285764493,0.041232281232492,0.0901289520049453,0.0684535344835972,0.0112711341103463,0.0108957294868854,0.0275951477847186,cough
0.8034831670529516,0.7147606243396425,0.7212824260527391,0.6232032925811948,0.633088317809449,0.8094765342960288,0.1604571478912766,0.0641426270395566,0.4918330559421847,,4094.0,paper_comparable_10fold_cv,paper_comparable_cv,xgboost_smote_f80,cough,compare_is10_top800_lightgbm,800.0,aggregate,recording,test_aggregate,inner_validation_balanced_accuracy,,,10.0,0.0257215553841715,0.0313518596713709,0.0266614870314272,0.0376602573512202,0.082114098531294,0.0640370257961683,0.0098447661872485,0.0081750506735925,0.0289850699875077,cough
0.7929990168098028,0.6843076102132721,0.7229772198042832,0.6235427889417077,0.6925718707219809,0.7533825688865855,0.1638355666472923,0.0534953887038897,0.4997975115544214,,9983.0,paper_comparable_10fold_cv,paper_comparable_cv,catboost_smote_f80,speech,compare_is10_top800_lightgbm,800.0,aggregate,recording,test_aggregate,inner_validation_balanced_accuracy,,,10.0,0.0108162611518191,0.0185562543088986,0.0095726359089003,0.011853298036653,0.0352717742114876,0.0339217291733811,0.0041534358159638,0.0094342395191962,0.011409806880391,speech
0.805743961448003,0.7052333430407149,0.7324020426651678,0.635120986568407,0.6695732396881138,0.7952308456422217,0.1582819256746795,0.0603619862929025,0.4974358874277757,,9983.0,paper_comparable_10fold_cv,paper_comparable_cv,lightgbm_smote_f80,speech,compare_is10_top800_lightgbm,800.0,aggregate,recording,test_aggregate,inner_validation_balanced_accuracy,,,10.0,0.013990228291582,0.0209946500183718,0.0056337056038297,0.0073397800984393,0.0403335664033021,0.0408207473478633,0.0060990491519059,0.0088358469750894,0.0214354515662092,speech
0.8034302980360604,0.697349955278878,0.7254861071769827,0.6258577607157465,0.6758556038331052,0.7751166105208604,0.1571904952651207,0.0300986449547996,0.4839646554523785,,9983.0,paper_comparable_10fold_cv,paper_comparable_cv,svc_rbf_f60,speech,compare_is10_top800_lightgbm,800.0,aggregate,recording,test_aggregate,inner_validation_balanced_accuracy,,,10.0,0.0142572842742844,0.020686462255277,0.0135826499372855,0.0181290988551,0.0584089328340464,0.0451303221363024,0.0049912251526014,0.0065931919464088,0.0132729520260085,speech
0.7860653400575469,0.6737477687066952,0.7126169200627498,0.6102076961567793,0.6727426938872686,0.7524911462382309,0.1686643607713092,0.065209857142777,0.5110177529007449,,9983.0,paper_comparable_10fold_cv,paper_comparable_cv,xgboost_smote_f80,speech,compare_is10_top800_lightgbm,800.0,aggregate,recording,test_aggregate,inner_validation_balanced_accuracy,,,10.0,0.0119069452491767,0.0177836364163599,0.0115574139986917,0.0155830995634143,0.0468577058748148,0.0338545640525843,0.0040230521815991,0.0060882065735339,0.0112576816516041,speech
